{"schemaVersion":"1.0","appDefinitionTemplate":{"id":"/providers/Microsoft.PowerApps/apps/","type":"Microsoft.PowerApps/apps","tags":{"primaryDeviceWidth":"1366","primaryDeviceHeight":"768","sienaVersion":"20201020T042111Z-3.20101.20.0","deviceCapabilities":"","supportsPortrait":"false","supportsLandscape":"true","primaryFormFactor":"Tablet","publisherVersion":"3.20101.20","minimumRequiredApiVersion":"2.2.0","hasComponent":"false","hasUnlockedComponent":"false","isUnifiedRootApp":"false"},"properties":{"appVersion":"2020-10-20T04:21:11Z","lifeCycleId":"Published","createdByClientVersion":{"major":3,"minor":20101,"build":20,"revision":0,"majorRevision":0,"minorRevision":0},"minClientVersion":{"major":3,"minor":20101,"build":20,"revision":0,"majorRevision":0,"minorRevision":0},"backgroundColor":"rgba(37, 62, 143, 1)","backgroundImageUri":"/15401120116521545504/N7c2e4895-0abd-4a6f-b0fc-c6263101a0f6-logoSmallFile","displayName":"Request-a-team","description":"","commitMessage":"","appUris":{"documentUri":{"value":"/15401120116521545504/N6e197763-2133-4fb1-96f2-6284258b3685-document.msapp","readonlyValue":"/15401120116521545504/N6e197763-2133-4fb1-96f2-6284258b3685-document.msapp"},"imageUris":[]},"createdTime":"0001-01-01T00:00:00Z","lastModifiedTime":"0001-01-01T00:00:00Z","sharedGroupsCount":0,"sharedUsersCount":0,"icons":{"smallIconUri":"/15401120116521545504/Nd640ad23-8c34-4efd-b6d4-043df2cb56e3-small.png","mediumIconUri":"/15401120116521545504/Nba486033-46ac-43d3-940d-3cbbca7556ec-medium.png","largeIconUri":"/15401120116521545504/N9e08b529-fe38-4d83-b642-533fcbf911ed-large.png","wideIconUri":"/15401120116521545504/N661ac06e-e41b-4e5b-9e06-865c3591cf5a-wide.png"},"connectionReferences":{"9d5036a3-8b23-4125-a5cc-7dc0dbb2f8cb":{"id":"a7366c96-007f-45ab-9211-c17741f356c8","displayName":"Office 365 Users","iconUri":"https://connectoricons-prod.azureedge.net/releases/v1.0.1402/1.0.1402.2163/office365users/icon.png","dataSources":["Office365Users"],"dependencies":[],"dependents":[],"parameterHints":{},"isOnPremiseConnection":false,"bypassConsent":false,"dataSets":{},"apiTier":"Standard","isCustomApiConnection":false},"a65df3f8-e66c-4cbd-b13f-458b7e96f677":{"id":"3a7b2890-addb-4f69-a143-b6cae91629d3","displayName":"Office 365 Groups","iconUri":"https://connectoricons-prod.azureedge.net/releases/v1.0.1405/1.0.1405.2174/office365groups/icon.png","dataSources":["Office365Groups"],"dependencies":[],"dependents":[],"parameterHints":{},"isOnPremiseConnection":false,"bypassConsent":false,"dataSets":{},"apiTier":"Standard","isCustomApiConnection":false},"97e5ce6b-9f9a-4186-885f-9b5d6476c732":{"id":"12bdd607-0890-4edd-97c0-e64db345cb6d","displayName":"SharePoint","iconUri":"https://connectoricons-prod.azureedge.net/releases/v1.0.1402/1.0.1402.2163/sharepointonline/icon.png","dataSources":["Team Request Settings","Teams Requests","Teams Templates"],"dependencies":[],"dependents":["7b4c2cc4-dfa7-4999-bc70-5e0663f4761b"],"parameterHints":{},"isOnPremiseConnection":false,"bypassConsent":false,"dataSets":{"https://moqdev.sharepoint.com/sites/RequestTeamApps":{"dataSources":{"Team Request Settings":{"tableName":"98418532-3db0-481e-9cec-658a798e76a6"},"Teams Requests":{"tableName":"196e0501-1214-4b1e-86c4-eb7890dfed09"},"Teams Templates":{"tableName":"0aaaa24d-6523-4cfb-aef2-d39cba4a92a7"}}}},"apiTier":"Standard","isCustomApiConnection":false},"7b4c2cc4-dfa7-4999-bc70-5e0663f4761b":{"id":"2321e6ce-0a21-4e50-8145-1994ba1451ed","displayName":"Logic flows","iconUri":"https://resourcestackdeploy.blob.core.windows.net/scripts/13276078.png","dataSources":["CheckTeamAvailability"],"dependencies":["97e5ce6b-9f9a-4186-885f-9b5d6476c732"],"dependents":[],"parameterHints":{"workflowName":{"value":"12720969-94e5-4b90-a5f4-1efae3394089"},"97e5ce6b-9f9a-4186-885f-9b5d6476c732":{"value":"shared_sharepointonline"}},"isOnPremiseConnection":false,"bypassConsent":false,"dataSets":{},"apiTier":"Standard","isCustomApiConnection":false}},"databaseReferences":{},"almMode":"Environment","performanceOptimizationEnabled":false,"canConsumeAppPass":true,"executionRestrictions":{"isTeamsOnly":false,"dataLossPreventionEvaluationResult":{"status":"Compliant","lastEvaluationDate":"2020-10-20T04:21:46.4898629Z","violationDetails":[]}}},"isAppComponentLibrary":false,"appType":"ClassicCanvasApp","appComponents":[]}}